{
    "spec": 1,
    "name": "Gantari",
    "previewText": "Gantari is a sans serif font with a geometric touch, designed by Anugrah Pasau from Lafontype.",
    "main": {
        "ABCGintoNord-ExtraBold": "https://github.com/Purple-EyeZ/Bunny-Fonts/blob/main/Gantari/Gantari-ExtraBold.ttf?raw=1",
        "ggsans-Bold": "https://github.com/Purple-EyeZ/Bunny-Fonts/blob/main/Gantari/Gantari-Bold.ttf?raw=1",
        "ggsans-BoldItalic": "https://github.com/Purple-EyeZ/Bunny-Fonts/blob/main/Gantari/Gantari-BoldItalic.ttf?raw=1",
        "ggsans-ExtraBold": "https://github.com/Purple-EyeZ/Bunny-Fonts/blob/main/Gantari/Gantari-ExtraBold.ttf?raw=1",
        "ggsans-ExtraBoldItalic": "https://github.com/Purple-EyeZ/Bunny-Fonts/blob/main/Gantari/Gantari-ExtraBoldItalic.ttf?raw=1",
        "ggsans-Medium": "https://github.com/Purple-EyeZ/Bunny-Fonts/blob/main/Gantari/Gantari-Medium.ttf?raw=1",
        "ggsans-MediumItalic": "https://github.com/Purple-EyeZ/Bunny-Fonts/blob/main/Gantari/Gantari-MediumItalic.ttf?raw=1",
        "ggsans-Normal": "https://github.com/Purple-EyeZ/Bunny-Fonts/blob/main/Gantari/Gantari-Regular.ttf?raw=1",
        "ggsans-NormalItalic": "https://github.com/Purple-EyeZ/Bunny-Fonts/blob/main/Gantari/Gantari-Italic.ttf?raw=1",
        "ggsans-Semibold": "https://github.com/Purple-EyeZ/Bunny-Fonts/blob/main/Gantari/Gantari-SemiBold.ttf?raw=1",
        "ggsans-SemiboldItalic": "https://github.com/Purple-EyeZ/Bunny-Fonts/blob/main/Gantari/Gantari-SemiBoldItalic.ttf?raw=1",
        "NotoSans-Bold": "https://github.com/Purple-EyeZ/Bunny-Fonts/blob/main/Gantari/Gantari-Bold.ttf?raw=1",
        "NotoSans-ExtraBold": "https://github.com/Purple-EyeZ/Bunny-Fonts/blob/main/Gantari/Gantari-ExtraBold.ttf?raw=1",
        "NotoSans-Medium": "https://github.com/Purple-EyeZ/Bunny-Fonts/blob/main/Gantari/Gantari-Medium.ttf?raw=1",
        "NotoSans-Normal": "https://github.com/Purple-EyeZ/Bunny-Fonts/blob/main/Gantari/Gantari-Regular.ttf?raw=1",
        "NotoSans-NormalItalic": "https://github.com/Purple-EyeZ/Bunny-Fonts/blob/main/Gantari/Gantari-Italic.ttf?raw=1",
        "NotoSans-Semibold": "https://github.com/Purple-EyeZ/Bunny-Fonts/blob/main/Gantari/Gantari-SemiBold.ttf?raw=1",
        "SourceCodePro-Semibold": "https://github.com/Purple-EyeZ/Bunny-Fonts/blob/main/Gantari/Gantari-SemiBold.ttf?raw=1"
    }
}
