{
    "spec": 1,
    "name": "Poppins",
    "previewText": "Geometric sans serif typefaces have always been popular.",
    "main": {
        "ABCGintoNord-ExtraBold": "https://github.com/Purple-EyeZ/Bunny-Fonts/blob/main/Poppins/Poppins-ExtraBold.ttf?raw=1",
        "ggsans-Bold": "https://github.com/Purple-EyeZ/Bunny-Fonts/blob/main/Poppins/Poppins-Bold.ttf?raw=1",
        "ggsans-BoldItalic": "https://github.com/Purple-EyeZ/Bunny-Fonts/blob/main/Poppins/Poppins-BoldItalic.ttf?raw=1",
        "ggsans-ExtraBold": "https://github.com/Purple-EyeZ/Bunny-Fonts/blob/main/Poppins/Poppins-ExtraBold.ttf?raw=1",
        "ggsans-ExtraBoldItalic": "https://github.com/Purple-EyeZ/Bunny-Fonts/blob/main/Poppins/Poppins-ExtraBoldItalic.ttf?raw=1",
        "ggsans-Medium": "https://github.com/Purple-EyeZ/Bunny-Fonts/blob/main/Poppins/Poppins-Medium.ttf?raw=1",
        "ggsans-MediumItalic": "https://github.com/Purple-EyeZ/Bunny-Fonts/blob/main/Poppins/Poppins-MediumItalic.ttf?raw=1",
        "ggsans-Normal": "https://github.com/Purple-EyeZ/Bunny-Fonts/blob/main/Poppins/Poppins-Regular.ttf?raw=1",
        "ggsans-NormalItalic": "https://github.com/Purple-EyeZ/Bunny-Fonts/blob/main/Poppins/Poppins-Italic.ttf?raw=1",
        "ggsans-Semibold": "https://github.com/Purple-EyeZ/Bunny-Fonts/blob/main/Poppins/Poppins-SemiBold.ttf?raw=1",
        "ggsans-SemiboldItalic": "https://github.com/Purple-EyeZ/Bunny-Fonts/blob/main/Poppins/Poppins-SemiBoldItalic.ttf?raw=1",
        "NotoSans-Bold": "https://github.com/Purple-EyeZ/Bunny-Fonts/blob/main/Poppins/Poppins-Bold.ttf?raw=1",
        "NotoSans-ExtraBold": "https://github.com/Purple-EyeZ/Bunny-Fonts/blob/main/Poppins/Poppins-ExtraBold.ttf?raw=1",
        "NotoSans-Medium": "https://github.com/Purple-EyeZ/Bunny-Fonts/blob/main/Poppins/Poppins-Medium.ttf?raw=1",
        "NotoSans-Normal": "https://github.com/Purple-EyeZ/Bunny-Fonts/blob/main/Poppins/Poppins-Regular.ttf?raw=1",
        "NotoSans-NormalItalic": "https://github.com/Purple-EyeZ/Bunny-Fonts/blob/main/Poppins/Poppins-Italic.ttf?raw=1",
        "NotoSans-Semibold": "https://github.com/Purple-EyeZ/Bunny-Fonts/blob/main/Poppins/Poppins-SemiBold.ttf?raw=1",
        "SourceCodePro-Semibold": "https://github.com/Purple-EyeZ/Bunny-Fonts/blob/main/Poppins/Poppins-SemiBold.ttf?raw=1"
    }
}
