{
    "spec": 1,
    "name": "Exo 2",
    "previewText": "Exo 2 is a complete redrawing of Exo, a contemporary geometric sans serif typeface that tries to convey a technological/futuristic feeling while keeping an elegant design.",
    "main": {
        "ABCGintoNord-ExtraBold": "https://github.com/Purple-EyeZ/Bunny-Fonts/blob/main/Exo-2/Exo2-ExtraBold.ttf?raw=1",
        "ggsans-Bold": "https://github.com/Purple-EyeZ/Bunny-Fonts/blob/main/Exo-2/Exo2-Bold.ttf?raw=1",
        "ggsans-BoldItalic": "https://github.com/Purple-EyeZ/Bunny-Fonts/blob/main/Exo-2/Exo2-BoldItalic.ttf?raw=1",
        "ggsans-ExtraBold": "https://github.com/Purple-EyeZ/Bunny-Fonts/blob/main/Exo-2/Exo2-ExtraBold.ttf?raw=1",
        "ggsans-ExtraBoldItalic": "https://github.com/Purple-EyeZ/Bunny-Fonts/blob/main/Exo-2/Exo2-ExtraBoldItalic.ttf?raw=1",
        "ggsans-Medium": "https://github.com/Purple-EyeZ/Bunny-Fonts/blob/main/Exo-2/Exo2-Medium.ttf?raw=1",
        "ggsans-MediumItalic": "https://github.com/Purple-EyeZ/Bunny-Fonts/blob/main/Exo-2/Exo2-MediumItalic.ttf?raw=1",
        "ggsans-Normal": "https://github.com/Purple-EyeZ/Bunny-Fonts/blob/main/Exo-2/Exo2-Regular.ttf?raw=1",
        "ggsans-NormalItalic": "https://github.com/Purple-EyeZ/Bunny-Fonts/blob/main/Exo-2/Exo2-Italic.ttf?raw=1",
        "ggsans-Semibold": "https://github.com/Purple-EyeZ/Bunny-Fonts/blob/main/Exo-2/Exo2-SemiBold.ttf?raw=1",
        "ggsans-SemiboldItalic": "https://github.com/Purple-EyeZ/Bunny-Fonts/blob/main/Exo-2/Exo2-SemiBoldItalic.ttf?raw=1",
        "NotoSans-Bold": "https://github.com/Purple-EyeZ/Bunny-Fonts/blob/main/Exo-2/Exo2-Bold.ttf?raw=1",
        "NotoSans-ExtraBold": "https://github.com/Purple-EyeZ/Bunny-Fonts/blob/main/Exo-2/Exo2-ExtraBold.ttf?raw=1",
        "NotoSans-Medium": "https://github.com/Purple-EyeZ/Bunny-Fonts/blob/main/Exo-2/Exo2-Medium.ttf?raw=1",
        "NotoSans-Normal": "https://github.com/Purple-EyeZ/Bunny-Fonts/blob/main/Exo-2/Exo2-Regular.ttf?raw=1",
        "NotoSans-NormalItalic": "https://github.com/Purple-EyeZ/Bunny-Fonts/blob/main/Exo-2/Exo2-Italic.ttf?raw=1",
        "NotoSans-Semibold": "https://github.com/Purple-EyeZ/Bunny-Fonts/blob/main/Exo-2/Exo2-SemiBold.ttf?raw=1",
        "SourceCodePro-Semibold": "https://github.com/Purple-EyeZ/Bunny-Fonts/blob/main/Exo-2/Exo2-SemiBold.ttf?raw=1"
    }
}
