{
    "spec": 1,
    "name": "Urbanist",
    "previewText": "Urbanist is a low-contrast, geometric sans-serif inspired by Modernist typography and design.",
    "main": {
        "ABCGintoNord-ExtraBold": "https://github.com/Purple-EyeZ/Bunny-Fonts/raw/main/Urbanist/Urbanist-ExtraBold.ttf?raw=1",
        "ggsans-Bold": "https://github.com/Purple-EyeZ/Bunny-Fonts/raw/main/Urbanist/Urbanist-Bold.ttf?raw=1",
        "ggsans-BoldItalic": "https://github.com/Purple-EyeZ/Bunny-Fonts/raw/main/Urbanist/Urbanist-BoldItalic.ttf?raw=1",
        "ggsans-ExtraBold": "https://github.com/Purple-EyeZ/Bunny-Fonts/raw/main/Urbanist/Urbanist-ExtraBold.ttf?raw=1",
        "ggsans-ExtraBoldItalic": "https://github.com/Purple-EyeZ/Bunny-Fonts/raw/main/Urbanist/Urbanist-ExtraBoldItalic.ttf?raw=1",
        "ggsans-Medium": "https://github.com/Purple-EyeZ/Bunny-Fonts/raw/main/Urbanist/Urbanist-Medium.ttf?raw=1",
        "ggsans-MediumItalic": "https://github.com/Purple-EyeZ/Bunny-Fonts/raw/main/Urbanist/Urbanist-MediumItalic.ttf?raw=1",
        "ggsans-Normal": "https://github.com/Purple-EyeZ/Bunny-Fonts/raw/main/Urbanist/Urbanist-Regular.ttf?raw=1",
        "ggsans-NormalItalic": "https://github.com/Purple-EyeZ/Bunny-Fonts/raw/main/Urbanist/Urbanist-Italic.ttf?raw=1",
        "ggsans-Semibold": "https://github.com/Purple-EyeZ/Bunny-Fonts/raw/main/Urbanist/Urbanist-SemiBold.ttf?raw=1",
        "ggsans-SemiboldItalic": "https://github.com/Purple-EyeZ/Bunny-Fonts/raw/main/Urbanist/Urbanist-SemiBoldItalic.ttf?raw=1",
        "NotoSans-Bold": "https://github.com/Purple-EyeZ/Bunny-Fonts/raw/main/Urbanist/Urbanist-Bold.ttf?raw=1",
        "NotoSans-ExtraBold": "https://github.com/Purple-EyeZ/Bunny-Fonts/raw/main/Urbanist/Urbanist-ExtraBold.ttf?raw=1",
        "NotoSans-Medium": "https://github.com/Purple-EyeZ/Bunny-Fonts/raw/main/Urbanist/Urbanist-Medium.ttf?raw=1",
        "NotoSans-Normal": "https://github.com/Purple-EyeZ/Bunny-Fonts/raw/main/Urbanist/Urbanist-Regular.ttf?raw=1",
        "NotoSans-NormalItalic": "https://github.com/Purple-EyeZ/Bunny-Fonts/raw/main/Urbanist/Urbanist-Italic.ttf?raw=1",
        "NotoSans-Semibold": "https://github.com/Purple-EyeZ/Bunny-Fonts/raw/main/Urbanist/Urbanist-SemiBold.ttf?raw=1",
        "SourceCodePro-Semibold": "https://github.com/Purple-EyeZ/Bunny-Fonts/raw/main/Urbanist/Urbanist-SemiBold.ttf?raw=1"
    }
}
