{
    "spec": 1,
    "name": "Plus Jakarta Sans",
    "previewText": "Plus Jakarta Sans is a fresh take on geometric sans serif styles, designed by Gumpita Rahayu from Tokotype.",
    "main": {
        "ABCGintoNord-ExtraBold": "https://github.com/Purple-EyeZ/Bunny-Fonts/blob/main/Plus-Jakarta-Sans/PlusJakartaSans-ExtraBold.ttf?raw=1",
        "ggsans-Bold": "https://github.com/Purple-EyeZ/Bunny-Fonts/blob/main/Plus-Jakarta-Sans/PlusJakartaSans-Bold.ttf?raw=1",
        "ggsans-BoldItalic": "https://github.com/Purple-EyeZ/Bunny-Fonts/blob/main/Plus-Jakarta-Sans/PlusJakartaSans-BoldItalic.ttf?raw=1",
        "ggsans-ExtraBold": "https://github.com/Purple-EyeZ/Bunny-Fonts/blob/main/Plus-Jakarta-Sans/PlusJakartaSans-ExtraBold.ttf?raw=1",
        "ggsans-ExtraBoldItalic": "https://github.com/Purple-EyeZ/Bunny-Fonts/blob/main/Plus-Jakarta-Sans/PlusJakartaSans-ExtraBoldItalic.ttf?raw=1",
        "ggsans-Medium": "https://github.com/Purple-EyeZ/Bunny-Fonts/blob/main/Plus-Jakarta-Sans/PlusJakartaSans-Medium.ttf?raw=1",
        "ggsans-MediumItalic": "https://github.com/Purple-EyeZ/Bunny-Fonts/blob/main/Plus-Jakarta-Sans/PlusJakartaSans-MediumItalic.ttf?raw=1",
        "ggsans-Normal": "https://github.com/Purple-EyeZ/Bunny-Fonts/blob/main/Plus-Jakarta-Sans/PlusJakartaSans-Regular.ttf?raw=1",
        "ggsans-NormalItalic": "https://github.com/Purple-EyeZ/Bunny-Fonts/blob/main/Plus-Jakarta-Sans/PlusJakartaSans-Italic.ttf?raw=1",
        "ggsans-Semibold": "https://github.com/Purple-EyeZ/Bunny-Fonts/blob/main/Plus-Jakarta-Sans/PlusJakartaSans-SemiBold.ttf?raw=1",
        "ggsans-SemiboldItalic": "https://github.com/Purple-EyeZ/Bunny-Fonts/blob/main/Plus-Jakarta-Sans/PlusJakartaSans-SemiBoldItalic.ttf?raw=1",
        "NotoSans-Bold": "https://github.com/Purple-EyeZ/Bunny-Fonts/blob/main/Plus-Jakarta-Sans/PlusJakartaSans-Bold.ttf?raw=1",
        "NotoSans-ExtraBold": "https://github.com/Purple-EyeZ/Bunny-Fonts/blob/main/Plus-Jakarta-Sans/PlusJakartaSans-ExtraBold.ttf?raw=1",
        "NotoSans-Medium": "https://github.com/Purple-EyeZ/Bunny-Fonts/blob/main/Plus-Jakarta-Sans/PlusJakartaSans-Medium.ttf?raw=1",
        "NotoSans-Normal": "https://github.com/Purple-EyeZ/Bunny-Fonts/blob/main/Plus-Jakarta-Sans/PlusJakartaSans-Regular.ttf?raw=1",
        "NotoSans-NormalItalic": "https://github.com/Purple-EyeZ/Bunny-Fonts/blob/main/Plus-Jakarta-Sans/PlusJakartaSans-Italic.ttf?raw=1",
        "NotoSans-Semibold": "https://github.com/Purple-EyeZ/Bunny-Fonts/blob/main/Plus-Jakarta-Sans/PlusJakartaSans-SemiBold.ttf?raw=1",
        "SourceCodePro-Semibold": "https://github.com/Purple-EyeZ/Bunny-Fonts/blob/main/Plus-Jakarta-Sans/PlusJakartaSans-SemiBold.ttf?raw=1"
    }
}
